1589e06d9b7934af38842c6c6571e5a996c9d7a37b341832621bbcf1a4bae30,false
8d25e2bdb35558afb13d4dfe3b0bac57621298aec485257e4d05f33b86687be,false
c956fa8a45328c4a79d3168ea25c4b8cc9e13559a1e5a18bb69e9f82fedf0e3,true
f98719abf2db95a8b11716046fbb5496ccb63bed34e1cb6206d9e78eb29ca5,true
ead9c9ae8559827af86e4fc1b33aea9eacc64a8fa1fc7cb69b454c646a2f,true
cec91d8921b36198ba18eb06bf9f2e6fbf0ef6305f167a8e97c9c0c840d891,false
945651865aa070bff273b8ea91da3a2529b73e34b8e965d6f01765ab967cc,true
ae3af668f5abf6e6c0643895c4f050ab3c729fda3dbdf7fca67c03b1446f41b,false
63de4f955bdd5abc86d9bd2dce5a5a3ed3b766676950bd9572f2267f1b8aa,false
66f853b40d93915de6fd18b4e2c0b88b20b02fdae54ddf27ddfaeec2bdee4,true
3f39ef532538bd3c7aeb1d29871f92eebf9d3cb6f696c65bbba9c629c5a556,false
825ab626a138fa52f899e07dc5762c3025bf727262afba644ff4ef99263a6,false
e55f60a15f1ff2c8e78d227fca79c382324c6cbdce7c4feb3113764edaf27be,false
9a9df0d71f52ad8f8758b277c4512e88a9b370f354b68ab636ecae8f26414f,false
e3f76b2ca39768efaef36ff1fbd827cd49f32cbe1551c6a60a6b8c4f01082a7,false
fc77bc48ebe2e1647b2702df7231c4b2395aca1cce2c772692f9ef756d423f,false
d2f5341f2fced0248742ec122dd8d012c1183d4fc7872efd86f1ede7930f932,false
66c0d3988228d4755036efc6259d8b3cfe2f127a6784149ca6032c0c4f890,false
8abd9a9a1b8b44e8e933b550249a2906ab5e999113b5575c6de311d23443d,false
c612d9204adc8796b3ebe9cb2f7146f46442ffb623b873279ad31ccc36e26dad,false
9741a150c2f77691468e6458f96b7d1833264d025926db2ff7d31e1e55cd2,true
fd7da4f0653c8b6d4421f19f461a6da09ec6d6872e64887eaa15d9c210a12d88,true
d93a3a9c6f219cb8da416cb8c7a1f1d7c7cc72013861bf78fdba2f1ce8da99,true
b05568cda6d2a611939ed87ad2cd5499b91187807feb6a56947ea9b2963935f,true
f4c47ee27806ab87dd574181b6b261bae797a33b1a57c9dd518b44bcf81d36,true
eb77fbf1f828b9217ca44165eb39156b5caee44ecbe6b9c5ae996ace627c,true
1b489924543a78ca88e2f774122d6112b0115234d5809b5fba92ab969fb5c1,false
502fdc4c3939f74b5d06afb4779546633889a858d8e2dee4932922dc9da9,false
faa2a912712cb2f6598ff801826224efaa4219ff51df6c9e62f3aaafda8cac5,false
5036cb57587e88f33c7cb474c208dc590fa8d96b1fd237f85c676151e15ac46,false
ec58ddf893b145c2e9498a6a3b3878bae847bd384ee8eeb7d5adde1abf54fd,false
72759c41f3baf4bbd42b3c7e3a4ded4fd78ac2635b34e3b3686c5e8cae7c90fd,false
5895c7e2e9ff3c3e42e97b2dee0cc2a97e7ae1fc62913a43f79ca4a3d11fe63,false
718f58bf6212f0d4e8416e833d4e42b6a24bcdfebd8a70a1cd67c0361c14bac2,false
fed6416f4ec1bcefe4b178f68fdf951c9f3cadccdc9ced4171b8fb5bac02644,false
fa321a9984ef88dd848db27ab7c702168eaec284871aa141e5ade94c3de6c0,false
d6cc93f1a7558217c7d56be0f4c5300c549ee04e18db4508cf6aaa39858,false
8fc3d4bf4d2b721dd696c885723c373f7d6ab08e57c777e15f8e1eb66826,false
7860a023aed92a7c5999770db743dd0a765e59257d48729bdaba5ded9bca91,false
50af4a4bc9dbbc60e228f2b79321ffd679bd66e5242974173b987b88eb73a4,false
989672e45078b63764a362fc882279c5c5e4ee695949d43d9ccc88f303dbe6,true
77f35d15c31ec6c8fefb725ffc2651d3e930b092aea6b47734f76e7e7d490e1,true
7f79caf414c35b26dfca3ecc9a9a14a4fc23a832e6a1a81a8ba5ecc2f761ff4e,true
8ab1173d3223605de564d1e098ad944acfd68b27bd35b78d8c9e23f5cb9871e1,true
c24df1face5938e73b522cb68739dfdf3e901a66918595ea628e1b4b08b95,true
4e969275d79ba8cf4384ea8e8bdf378a779d723ae3454af778e66d83569cfedc,true
32ff7f16957b9030cfc7acb64a71b0c8502accd2d5fbe946383d80fef0c1fa9,false
d338292db7f1a48a1cc6441a13aac86437f0feee3f153eb292f6d9a153a7e8,false
9a655b77923b405d1ad1ba76301cd773f78cb46f10b118fd736e6fa47181c7c4,false
c88b656f2ee1a026f8e5cfd7e0d75350c823e384331766666ef9a88b6b20bc8a,false
25ef3075653e9e5f85a11a13b838f265af23acd44c4542119313423dafd0e647,false
5d65831377fd551337b86dc6de9befcd50d15023cdf904a66cb7f575f67c,false
a85c301f7ce78d8704caab55d215f51716270dc2844381a196fb42d5a6d9c,false
1985c833369e20c5bb1f4d96e9321fd123fca81bb9534bbf2f5e84f3da96673b,false
44dd7e52e4aac8e1e43707fa666bb103394fc9117bd3a4ddb999462c32d4540,false
51e6a2106dfa5161c7bfb7a3649963bebb01de3a589d57468488fec7b58a1bb,false
d0d17dcae5b9a9355669a52f967f134b93d1aa3eed47b44c22b98884a5226,false
28f25f74a953f08c8368f69a9c1c5a1fd846e13ba9705251dcfc6b1e8b1960c3,false
2aa1efc7c46cd91219a1124eed68e5a31db844aedff6e78bbdd2893eb1015,false
d971f133ae3eb41df38698910f43fc9ecaf6bf2523eb6476332e4b5be39d3,false
d4d6bf5852e40588ffae7722f8ad397c548e9e3fe24d4191652c5f2bc95c856,true
d99e2b1edd391e52b9f8e57523816c1a02ac76432f894dd7d8465d13f614ace,true
6a1bf6f67ab957da9b5306ca02a8149bdf6ef3726f68d6ee7ca9d38034c2ec,true
80b372e938241231513926e147f3b70db5ba28679351b8ccb733985d334caf,true
3b4ec08679bde6021c3fc2384b06283c06d9a222f6b3ecb1afc59e297a9d2,true
42838cb0bb92e54a2181b7e5e819afc662676b37cc1d5db962dcabeaa169d4e,true
e20f28b484e962a443667fa2f49eb2cd5a7779ac086fce5e4f96528c87,false
d9aaa08714ac97286ffe27e3c133943b23fa050d374bbd3a162608e16c8c3f,false
222be7ae3dd639b7de6f9564e96f2b574390e8973b1861e17f0ac4f34ff6d1,false
d4419e318829f9e4cf2d546d0eb5eedf574dc291cec346f3386412c44a973,false
87ad567e7862a193a42afd2497a8089d68623fc7b2052c51db177d1803a79,false
bb646e1c29ad9d654f90e74290576d7c90b4a943c8b2cfb786c67c4485688e,false
c27f1628be608d929dc17e6671cc46307c92f449338ac052fa536f08a3f797c,false
aead9bf6f34af6d588832fc010c65dc3a99ab79fbe3b91362fe02eaa725f7,false
3387872415733c9309fd219825de423f9a8698f8ee8b492417c99c043c1,false
5d2f3728a07f52c6ecae14e69ebd86e771ae84d7426c667a96a114a1a14ab8,false
16196b8f485fb14f2787a6c8e2d3ac9618cf6eab76be9f17179fba56f2de,false
d3f4c98172aeb4488253c162c37f8abc0cb2fccbec8d8aac67fc3b73696266b,false
6f7867dfca38564465c7b7eeed06f8ff3345ac65e6e3c2a64f7d855509b,false
1a136a878a8bbef89ee9a75e7513520d8c9d3ad1558b10661a6e295d6b615,false
ddda896e264ed745a5f72f2b9ef619c3d51cf475969444a11ba8f5936d58851,true
9e66d2e666d416b6e3b46259de9cbc3e9a2c39ecde79f5c1f89a44f7b3d0c4f3,true
8cda9443aaec8ef32cede16093d6e0a2de967c781fb2cfb5c1e6e9ed2880ab,true
503e82a3ef4eaaeb3d87c772991258a0cd5238128fb79729b91c97619aae9f,false
5a37c2c64b3a711fbd6b9fb31efd71b1e6b6e3df695e2435e93e19c2953c45,false
f8bfd44617b5edc531867f42a91c9f16271197fc99a2ac9868bd87beabca61,false
d2b7c9e96d20cdec5dbe1349ab53134ec4c22fc4bf8b4ad5b9d6d99865e0de,false
e922748638ed9afaad577649b072f1ba3a11f8e9b66f72d0acf389e32b2c8a53,false
649f5b5d50e8ae6546d13088c97240dccbe885e3a5a3646c08263894b8d0,false
567c4d1f5a62262e82175b4feb3d67bd4b8e6512b6b1dc875711b846d5789,false
7aa5debfbadcd49a1adfc9c6b026fabef1aa73b320787d720d25291dc74c1af,false
cb5611ee7332e761d94985b8cbc3ece3d0d6f0e4c29e959cc947d433d7f28c9,false
6a5fdd251f96ae2cfa55c1b11a93032b79bfcb2e6cc45fdf52f68bb2addae2a,false
a91435378141674837bb35de74e32e11b6b9d3d0756e204a9e5764bd7b3439f,false
e2c4637a4de6c6c56c642ad7ffa8d46112d5a24c49499cd4d9ddb9ad04e91,false
ae5176b5aacb168d4bd19c8674019e6de6fcffce4eed0daf7abc58ac384dc18,false
2edf6f427dc720ddce2750b0bb6db7874b6f3698e12fa75229ced05d3fa1cf9d,false
a5885518d9405263ed9b1dc499ef4f74fb06617f1ed2e17e99bf577aaaf9413,false
cbf2297f8cc11f2079561c5096b93da2298bf93535cb52ebf6fcef6dc56a041,false
1c2d1acdcf68e54d7c7412058283c1ecfd12aeec186db4aa907937fbe4e7fb,false
12e4402c47c21391e819d426957aa85d13e8743733a08c1cdcfdc3e6352ad,false
cd5a901ee324a435949a7b8a3d0b1db31fe6bd2c6fed428ae7c971a94725c5,false
bd41f8e996cc2cf2dc87329bd3a41f0af4b55b23183447bc1c44ef8de1d17e,false
f7f96fab449935cabcd392f69d8b64373cf7503b84a512cab45569dc0539b,false
cf89f82553d5734791bdbec61263784aed9c2d1cfb3ec713913897a475e9b1,false
3fbbbfd310b051668c3f6eefd823a940c7f1aaae6deb4c9aa898a447b14335e,false
b82274a5c7dfb6284a365dfae07aab3f559e3f24fe8706d17787c2efbb5fb77,false
ed8ded323c42f6cb3dd9a73866d8d4d252d3416376a1bc3135e641fa95971f,false
4310c2c67444381b3d8eb9542f7fff34faf67e9edbf616d2fbc1eef517a6f0,false
848cc1477d15e9a46a63fddec85a3bd97f3d28fb72b4a2672b2d393d577afaa6,false
f078814aa3bcc862db28fdcfdf9b275f9fed977e879de91d374ef1db2a649ee,false
2aca4e8aeece2e29da186ee670b1457ab5ccaa44a690e6742178a4fc08cf,false
37aa3be2e2accaefa89ac6191bd524516696d2d7a4336a779ed3bcdf460,false
48b1ffd3767b71461a4d2653eec8dad3675bd93999b47dd8d319c1a2930f3,false
9a6ea655414a87b2623598a544cc3352e4ed6f0f4d543deab314f609aa64454,false
7261f3d0f9745389c19927563344a44f2ec158cf9a05b7c3756b5cb13d451,false
7cb8114e69a61d7927d619c153c0cee770f34f7bfad142db778b17dc4ad4b67,false
9742cab8f6a4b4530836ad931fa935a389c11c30e450d61e623cd1a85a17c,false
8eb3b486976834175ec4f7e69471abf5a1b6727f48acd318ab5fb76d81f33a,false
6e3b4182a89b6eacd9532ba939de259a18ac84dc3edb4f1bacc4eeb388ca854,false
e2f6253aeb857b57b7594a34fa3308a9dc3103567d478e85c95a4dc94bb2017,false
c3584cc71a0a1b01cb715832e5c4628beb0d249d18f477d875fd7728082b117,false
e5eea30b582a8d62c635c688d719981cb905a934f109fa776f7302b5a6694ef,false
7b505ffb3fb1bb552d9cd93c506ba637a0285c3a19b627d2e54b568deb9f153,false
47f735a82631940c89aaa88645de1f303a22b1a627d434bbfcc24d9eff4ec,false
29905c6e73e85db3c4e097ecc081bdd7c9e9b169c4d64d8a4198aa6ad939f89,false
acccc3d04410e9f1f8c3819525f81e0d0bce45e9b60a299f0ef40402a954ab0,false
e09ad074aafe32c5afcc2b86a1c30ab8dcabed3d3e4a35ee3ec9ae22780,false
689ea4c8d37026a2f5aead2c9b54dca3e2512c31e5fe691313397570afa8b,false
89aa6954fa9cca1a9b6677f865fd9c40a9a48ac445522f77a8cd59d8dbd2e7,false
3cc938a183bfc0ae6f2b13e06d8617fc4da269c907ec57f66ae2ee3b8bae34c,false
597cf66e238460fc4dba96b9f3522fa5a975941392dee7041dc3328a3b9e72,false
66bde45f26322c5e5d91bb6d37a15cf0ee123344cc121ece5a6cf9fa0517b9b,false
5d3854eca58a7eaf328a517e4b4beaeab062c756a123c0a816d65abd8f1ab2e,false
16738abda989625042f2a0f25840cde97789d5bd3e30e18955c7baff2f32bd,false
991ebbc8314651119aa2e1128c9f5d96f1ad5eb5f3ce9fb93124951aa4ab9a0,false
43b8aa568b7f292830c92161c8eb8a99bec82021bf11fe4ab1276f239f1dd,false
8dc564c57fe75a2dffb59817b536705e531a0321a6b3ec1a6c8dcebac7e9,false
c8869d6ce97b92e3c2842c2f6d11505b41d3653e097c432b48df5c869d670f6,false
29f6c69f1839fff9a6e485949e953a36967efdd19584f553e36eb64c7dd0cb,false
be7d6e29188aa42df82374a98cd3d4cf3f3cbffc8b85b255718428869464691,false
abaf7bae2ff54192d8bba75cf0259f1ddd5abb80ff1a4f744566e96064dd67da,false
ce6e6e9859b861f1ab1b80cbfd44714c94b22bb8abef2acd7fac88345b310e5,false
3464b0b7d2fe9d86bfc9bfdbe24364cba7a8f89d4b99b45678c83c1cda96be,false
63cda77fefa72cf18c301cd6eecb10cf1bbf1df39bdd41b73a19a7acd9,false
9cc852b52327c13d709cdc3f7966a2955d10f040722e928bdd9a5787d596ce1,false
f3d7ccbd939d137492dab3dfd9fb0cf91d966528a9a6df1915e471bcc9d927,false
24bd9d7bda146be6c3c96090d41973d91e7f85f9dec6f92deb6d5afcf0d6cbb,false
ebf855723d45327f3dd2599cf857ecec5834b6e32fe991a38b336102124,false
e316868c3754e7d84bed37126d659fc8f901257ef6b39477681bcf545f6014,false
83a9c138aecd45b8847e1c6e58203a263768d84565d8c7e3197593fb52dc2,false
3fd3e4fcbbb9ab873ea35c1f484c655077cbe5ff487c2062e1e37f2135428840,false
ad2d804c775222af10e23983c41847819692494b94592a6657a3b7473d02,false
f083f124f7a09376194b9174a874110d36d36acb5e39cff82dcf6a2c5823eb1,false
8dc23850fb5590967447078432d4ed319428ce5ed0cf75fd2b61ce48a59cd,false
9359141d1ac57e22e6c1151d5eff11b68a55e509352643696a4c3a6946d7a4b,false
2183b1b47dd703afcc62237adf0b5e52f37668f76b729cb98cbdde9186781d,false
6f8a12187797e5212a783a8f298c9bceaca1d24d2553e83128a3c041f4b7255,false
54d9767795eca397c7f4751ef94c236c0d71ef2bf3660619122714d627c4,false
6010743e1970c6264aa70d1aa2b5a7decec4474d2e3289a7bc585ed36d1cb2,false
8b7344b25fa956fb38e2fc6e9bdbbbe32bbb54f42efc992d3352c9ea2cd1d44,false
455886ae1ef5b3fb5585b71ef3ad9112d91fea7bd2801176a172b7f17788371,false
6c1d36c0ebb66165171564c2d831545f2bc77c99ec25bf4ed50acbe86b1d665,false
5d842778c640aa31cbd44a1ffe519b8bc6284548391c027057d71bb9bd7ae8,false
693d9973e7b1b6654ff418735dcff3293e4733419e6f43629fcb50b358da1a,false
98e6a692a183692b983887f3b40ba351af5ca5c15bca92a6f3646666e1095,false
fded37c62e70edecaad96e53dd95e1bddc30f6b9eb8c7def5ab3fec9ccad243,false
c0423f7f9bedaebeab2d71afc631e661e135a710157567bb5fbd8475fd3abf3c,false
9ffa9dc2afc63bbc8a0ffa663b38d851cea1a1016a609f4ed11fcd368095,false
297f4d75304b6d4ad1d95b06890e94766289ac94859fc381faef48e2214d7,false
e1effbd2d57b2d84b88b8a57ee1a2977b9d3eac8f62c976fedc35ae78f82ca,false
12441473172aff9666a8c1e934dc6eae78627d4eedb489ca4f43459051e31f,false
37939372acb3b7f17cedb4a3cbfbc631948d3497c312fd25fb788ea537b04c,false
cae0840e56eb2c3ad9fe069f897770fe8720686fd2df55d568b3b4b3a57d,false
a3ffeb3943ac5707085b9eee8dcac6ee1414eecf5b5089671841647f55,false
d3139c2078bf7631e5d67213b87ef6d0bde2a9d5147364253ec7f33a86374,false
cfdd6c2eb178753555ad3317ebf6be69df520e5ec682bea6cb23d99555af0,false
5a6c3503a2e26e41e4959cb77bd55ef7a26889cdff98b1c164c8694a77ea,false
3c69e79f5a08ece1fb824c14ae39ccab4c83b6bade3747daea4c485129fe2d4,false
8376118fad1cba789bcf0e014e4e1c3a3d01c9b30e584dddef37d712c5d8adf,false
6da552c994b8a6f578e243a29e27187a576e4e52d4ce9f5cc24cde2f357f3a8,false
318fb251f46cf81e46af69bebeead1af4e66a34889cfab69c6082c7e649f0,false
b3f519c0d4367491c58d2501b69765847251e866eda984bb47a04c8cfa8985,false
1fc627f3797d6877f1e1c689b9b37f1ab6beb264a925b21f924e4ecd1fa97ed,false
d1ceeb2bee146bc75dbaba8aa25ef56ce641179c388d45d8e1d6a61f0c74cd,false
8f726167c2f3a08d3d22fea7f6dcd66a1dbed559a2fe5e694d5a2e39af52d,false
bec1331116f94d732128e0ab5d3bba775c6db198d88acb34e14714714d68,false
4d7c8830dba8c2d787cbb312f734a7d95edf7951802dda9aaa16acaede1aa15,false
f5bc2bcb7c4327e7d9abc7852572ee18ea7822611f77caa7422fe4e4a2a21e,false
3d974869fa7d4b627e16bef1c6be311a28dc35b41df3aa4bba5b3a674d52,false
61efe02a68182aed5c47d141440ab7a56eeba5827a397896430e2450a652,false
1720529f7f3d644a767d1b02516ffe58a18fb30cae8761b64f6b878f64a2c3,false
f91e1833d289b8313c4d75421e986d548e9cf4079dcf64692fc1dd57040bcfc,false
bb6ae34ceb3758979f398cf8bfda0b535247b45ef6e16a591ddd1d0e0c93,false
dc654149178f3f3105ff5cacf1ffa473e70451ce67f08482d0e11d945fd4,false
3ac0ed6cca379f4a57d54deebde825acaa54466ba0e12290e96f32ff7dad,false
20ab9306bac28e0fd7d49cfe48da3a3c599a97574b9bb1fb05af4af6e37c0,false
37c2cb282729af8877d7a8cbd3287c9dbda444f3ebbc2feb383af0eeec75e,false
8963bc98d6f688464856f33c1668b4f8f034cb9f71287f18ca6658a82c9c40,false
21494c46fc6452648662ff917c52f7724909b2c9885349846e845ce5d2f3ac,false
dd937c853bf2d78b34552bbb1a4f27fe6ebccd7a3917f6749525d627ff1c1f6,false
6b29cdeb64f2b8ec1a9bb22a5157eecdec0d77b544d59ce5c468d0819fb0,false
f5b5b6aa4272d63a0ee153618e2e264a4927345f353afd23cacd71b5f49ee19,false
a7eebc335e51b7822e2785d61b5a6777b4178e8842c5534b0ab2d5ada48c52b,false
e3452b71557c9133acf8b5aca62814e38817f3be44c2eacce872b68faaf1189,false
962dc42f44f3fb27cdd1f47ad7a66d934cf95f68c0ceca591b84a82e12f19923,false
99cb0b3544c6df3c4dd7ad84117df098afbc8fc94dd5cbcd5a56b513f6a0,false
4729f2e556f63c71c5dcebf4a7abdaa1f6e10eddf41b0be648fc7f6326d4d,false
4ecc7cad88d16228390188c579454f5b742add2c6acf866f1ceff79f26ae11,false
f8e25e966e698476959e6d2fdf533d16c7d8c978567996e0919561c031bd4a,false
1b72802d3d2670c67ccb40b6569ef397e5b2fdc51a92e5dfcae5047ac7f6db,false
b08c649a3c8e52cc5316f189b9a74b633fcc33382069696aec9b87cbc073ad9,false
57faeaa67b1b3f7df117ff24cd1f7efd1446564ddc1ecc5161729d78fa34d0,false
27fac565db2655a196088508e7b3f4321f12d0bd1b4c53eaa5ed23ac8d95,false
2356ecbcaeeadda9e29621ab41bcbe96a5a9fb17a2382277ee15fbc9236748e,false
84c1af9bcff58a0e748f54896047d196bbbfc0c0a7e9b15cd3bf1d762d80b5,false
668b6e54e97923d659d5ed7a555933479e6e37fb8269bbc46a6a8a3d5ca4f5,false
8ebb52c61a13e7fe2fe789c3a47912ffd4bbc3e4c99221b738a1984fb77a34e,false
bcc7f632edde881a6ff33e98eca3c5645c72bb99efffb972dd6ffbf147ce90,false
5cdb4323b62d2d7252442bbf17b35619fd1bbd36419d0b3e35b3969397eac,false
f5b64064a969cb3c4a3238ea7a136da03cefce6ca679b9844a138ff38e25b1f9,false
e62237f58ca2a007f8dcd726c9192334f6b7d263f4bca461e8fe3eb599c64,false
2e14998dc43d6efa4589059498b5e19243df60a7f56c817b59e2a694b779,false
a8ea63cf674033d78f6ee2e664f3b43c82ced87dfd996becedb1998ec182c4,false
f8f9bbcb8d12b49f997e109ebf391d897e448abdda95f94a36eb1fef382f,false
e72dad717f8cb875238e4d12b238c61a25b77cc5efb85d65959556443c368cb8,false
e1afd8d91ded1aeaf253e6264d12f76beafba776388f77994d84eaa46ecc21e,false
d6c83412fab9a49ac75dcea849c1e89e7a3e7af8ad12e7d8fd9cdcaa82582,false
be7239fc4aca13347359a76590bdca3ecd77bf09ad0e4454fc1846221b5f14,false
9726ce9a496d3569deec6c4536aa755eb781434937eaffe36ca559216437a92,false
494412dc81ea1348574e469d3c0dcd9c96022a6864fe8e2fb25209c11f86193,false
54126b8cb454625b059edf5cda53dfc115dd1ef68562f908aa93776eb364,false
971927fe72e185c7bd2d637efb3ab125e22f6364a96889b5473babd5890da85,false
368dcb419ab673e782dc2333f9cc212cc5e008d8e9f267d26b7a887e3e6bc,false
7c7e9ea52bcc2518e75982fd24512d3ebfc4bfd888163775640e681994a74,false
61f75928926fddb86f21fe45914aa2437396ed9635313ad46f4364da05684,false
2e7afab4c69ab94e784db516e357aa298f852b405642631d3b3649f838ebec6b,false
56709eace4a49795da8840ddd171a1541a53f15de21fca36713d5a7289c,false
284774da672e7734f0bc93cc5a18cefee9ced8317863eca1db06ec0644c384e,false
26eb78566312aa6960b82c46841dd1471cce836f1d45c9b7721c8b4a2f9e8c6f,false
811c4c2355e58627bea14a1f96c9df24d0994d893855c22e52b1f0131f1bf9d1,false
fade758b4c8ef7ef91d192a4baba2a1d4129a2fa356eca9435e5888a417fc,false
441b78b6e3ab8ae6385625e3fd25f13641751ab888379e3344a4ab21c9da6,false
c74c3338108ffdd2d21e39e19be4825d8357df33da888e7e630dbaf85aa49e1,false
9b433e523afd62b5f557ba8cf8c5c78ec218c6baac3a0b8ecf426603d6b46d,false
ff4bb6cc6b27bbb4ba9cedec6ea73c2bf83f9b8b3558f914116bbf8999fad875,false
e56131a3462735f5460b8726727f81fe73aa38d8f22fea25f912dad4692653,false
93c8c3ca97dec451f8e0a6c871112351e5d7bb476d2cfda21d1c9adca4594f21,false
f98514833c1c2f58ea9e3b4a8d1b486a253b2b8d918294f68a82e869ca55f,false
f334ea6b1e92dfa5ae1f99ff1b4722e4d3c96d5278314fb5f8eaa1a77e6cc9,false
349bf4ccbe2a3eddc0bc683dd84fcae2e2f09126904c21241757253f98b24bda,false
12309adaadb737d59a191cffc9f2f4a9682d5c94b89e79cc70ef7588f418,false
2935ea6135fa788ab884de2f7cb9a52237fd4af2a424218f47ea45ec8272f,false
bfef154db0ddd277119fe1f7a7ec24a28e4c8d58ed4fc09bf5f71199188baebf,false
bd44742dfdab7f17e2d1bf568df3727a4392e551ba96f320dca5d58273e34,false
9844c28496f786dfe2c65a7824273115a6e37d4584cf42ea263982d9216c24c4,false
e4fedfd8d03251912c414b12bedce9b6670cad0f353f193e1aa8780e412c717,false
87178969261b3777a956d8eac9cf5d6dfdc1cd2a615761e2742c4aa3c2fa14c,false
6e2716a60c1a93e06bb696b3d717c9b7135898cb9b3267d42256f51dbb54,false
2cfe412b8a9bee3636edaf68a5ca7ea2de18266390621e4cbbb1cdb4cbc42,false
f1be7fbe4343796ef4ca1b872259d1ec26353349e1de1211b7f229d398f4409d,false
4e69bfe51cb390a94823f261b99d832efdf17cba50ec2932feb9cf81d3f93,false
0779a4ab69c4274f0a41955b0fd63af8e92b1ea5d1fcf1423124c2bf4cb9bb,false
952192359955c6caf31783e33aac9b253edf916b1489d122ca5a2b79de3c7c4,false
142881793a15324a7a73ba34c3367841b9b06f7dffcc6a85c4449e829272d,false
64333aff9aff22cf5c32ee93bd6fbdcd20de163eb71e1512fbb368a63db7451,false
91c22299f66c82c02c91d8f7c9fae84ef4471c379f69be78a5ca5d151d2b3,false
61f3975aae29c25d90edb95e6b64cce660bedbc77bba66323fba14a496d19ac,false
125f2ffd24dc73b341d37634463f9684fa2939c896d60e3607aa0247c46646d,false
5ea40fa884745f8fdb715cb87583158df12d0d025993dd049293e4658d0f1a1,false
139fb2776ba87266a82b53785296e33c31f99745414c2f3f663d71d746533cb,false
dd8eefeff4483eb6eb677d2de903a3a81adeda44ae6cf68edc7913c7a9108c,false
29efb76b37bc4c8bcdb84e6757e0db2f84620a82d166f2c3e3b889115fb,false
845e35e15b2b6864963fae97a6bf031cf6e2d31365ff5d80e03f1cadc1631a,false
95f954c313bddfc8b19a55c74c5885f9fded6442efc9a3784937a48375a1d286,false
f14768216eb42f20c0c4ec1a7a37e1216beec4fb47c3f2d295c82ad1c9928ad,false
f668e485d194ca4c2866e73c706be4b2f69748f3295e4415fe52d5a3411817,false
b1c925c3d7ac2f5024919c54d2481eab6bf81cfbdebbb83cd4329d28fbb3dd,false
bcec8a7a128a7ab8cf7c1688769a1a2b74209755cc21ca8e5668453732a20,false
e4e3d2d8c564e53d25abb4eadc1a278cd45fcd9cde2a7c4902972f557401688,false
14e11b915a7593fe946e396c7cd641f275813823c649b86666838c2a9486ca,false
792130a6e8b1f0847036c9c68fce2af04d1b03d4e85fd9328f09c1c171dd7d4,false
848ba31beee2bf315a154cedb7ecc879658225c87c09e844f65d3bca56594c,false
3551e85cb36797d17f8de5bebe2bd9b0a05cdf2d8850f5a1cbe7f1925e659e3,false
6555a2f962a8a24d1f3eb32b4b548dacb1790c68fd08f46498f6321eb13,false
35a27d918dca365a15732258e84303142635eaa3833b52684bf512bc3bbabc,false
f8b72f5991f4ca9cb4b6537f65fc211e9b4fb7edb51be201cb058a0a9f34fbc,false
82ea41235c797a4ed053b933c645c15ed9d465ece18fad8e1476c491bae6,false
48d5cd61451932e851a1bb99799a0d43aad3d5f49f85e277bcf72d36fb,false
3996ba90c764dddc37f7af5cb34cd367a6c6e9cac73fbc5be71bf1d37521a,false
44899cb15c8562e97034c96385d42b861233acf251aaad640145df024c44f,false
2269e822a6d23b652686efef3437a46fe2f1a3ac7a99c20762ce91ea0ac91,false
6c19b73d7dca0d85233e467dbd7981b240ec34e1dda10db7cfb515e5884fd,false
fe2bc6fc3eff9e749096a82d2e241aeedacb85f7feeaeb59a43b18cc44acecf,false
3da52d4e4929168ce4283fe3a796e50dd72b72b916eccd85841ca2f2778a2b,false
1a299d8be4a12738b9ddebfc8a46c658f95822395b19898bfc557f9eb4294,false
63647f82f1e76d5f9ed0638aeadfadb93d7dfe96bcbeddbad5f82c0d9492e,false
57da26ecf138a4df623dfe77ecc2f9172e32e438931c5c0269b41311183d,false
f16d8644ecfd379f44ffb69d70182ac57a5b569fbd1d6a2e93f9628bae27af9f,false
b9125160e5b0def6ae83745a46c386464ca0885c3846215ac5e11c5f246ce13,false
988ce7e118422a7cc19a82bd4c8cd96fa1f5636c373343e7eedea42701025,false
a36026e93b65718a972352759528c17d3890e3f584dd6d7597412aec228d188,false
fb9b83b33a8a40da4285b95d6544b937c0c0c8c150d4d8a37ab08833a9b6c35,false
955dd16ec632dc652693588226ff7cbb71e3f98ff38fc4a6d65942edb0434b,false
cc3581cbca4e1b35864ea06588e9e72d852b25413db73e2138a648d316c8de3,false
150ef7c7e4f0545e4753bb4fcc1dd8a922d1c9e278b61f7dda9c13879cd2,false
6335d6a6a343f294ab27e55666ab58cf42cf32eba2265caba20461b20b551,false
51cc645791a38d69f3a7e08beb2399ec03a318e8743fa86a70e8fcfae46720,false
fae2dee25422eaad47e74e58dcb75a3f2a23c06fef14be74c1ff7d0f67f20dc,false
91962095dbeddaddfde4b76f948f53b1c4d5db1bd64fc13a3f699753489df,false
156cf8e206db3d9fd5124ed7974b6b35aed64464f8c4129f325dd1cf14734,false
c2e18e6e59c2c1ce8cd3362817025374e2b46cde8b9f24e1c9829cd4807,false
fb21aaf43f050e1044ecc4c9752e7297f03a83d37faeda761c38b9fda8480,false
19cb566db83b55bc23e51f614b85d19f2e629d4afcd731e71b1484673452d5a,false
9dcb3fb5e6ba39052ead4f905ab485d87634f91c94c85b8c41ec218680e372,false
59eef8236789adb90904d6bee1df0207c27d111827c9c3f241211960a73be8,false
95b961cdee3f55c80fbc29222752fc901236f985ee7082471fd8d4a56547a1,false
82e610f01dceebcc647f37b37b498336adb4476b7ad4809150e6e88cfb5c67,false
594c4e8ba377acd541a884aa833e4252ff54ed65164f7d428cc4cd4383461,false
6394b9a528448d93a7eae58ecdc52a4df48479977aefea1f88d885e1bdf2b1f,false
506af6609cacda1bc41aacd1ff565a5fc8a7f510844f9705850c0f2efb166,false
d9beb8b86967637c4fa3a417e2669275013a72ee499cb4b484f87ded4355b,false
55f980b52157ebdd6b399ebf0a5e3dc7dc5708b48c83f830de96834f92ca9,false
ba60e753f6da61c124962ecfebbe26255743ac381032f4494e58a8a86d29dae,false
dc86e4ca75b93c6d3df12b817ef16997ad309c642c8a8d5bce3f3624cc7,false
41ad0be73c02d53f66653592474c5b69bf4b91296a5f964359fc1f36b9dfb7,false
cd6fc66592e8686c435f836f6743dc5ee57fc15432cddaf3209a6cdfd0276a1c,false
3a4f103c85e8371fcc811a629a64933d487eabfc94055558ac2cddb1745a772,false
